x,y,year,ndwi
74.73436468505861,27.09109019552533,2024,-0.4377867877483368
74.75545843505861,27.09109019552533,2024,-0.3897845447063446
74.7765521850586,27.09109019552533,2024,-0.4019181728363037
74.79764593505861,27.09109019552533,2024,-0.4225371778011322
74.8187396850586,27.09109019552533,2024,-0.4048817455768585
74.83983343505861,27.09109019552533,2024,-0.3905823230743408
74.86092718505861,27.09109019552533,2024,-0.4832344055175781
74.8820209350586,27.09109019552533,2024,-0.38589543104171753
74.90311468505861,27.09109019552533,2024,-0.40577906370162964
74.9242084350586,27.09109019552533,2024,-0.4053152799606323
74.94530218505861,27.09109019552533,2024,-0.37042322754859924
74.96639593505861,27.09109019552533,2024,-0.6117884516716003
74.9874896850586,27.09109019552533,2024,-0.5335689187049866
75.00858343505861,27.09109019552533,2024,-0.453096866607666
75.0296771850586,27.09109019552533,2024,-0.3693622052669525
75.05077093505861,27.09109019552533,2024,-0.48054781556129456
75.07186468505861,27.09109019552533,2024,-0.6342819929122925
75.0929584350586,27.09109019552533,2024,-0.2670040428638458
75.11405218505861,27.09109019552533,2024,-0.40633657574653625
75.1351459350586,27.09109019552533,2024,-0.5836768746376038
75.15623968505861,27.09109019552533,2024,-0.3169556260108948
75.17733343505861,27.09109019552533,2024,-0.43813881278038025
75.1984271850586,27.09109019552533,2024,-0.5063058733940125
75.21952093505861,27.09109019552533,2024,-0.521381139755249
75.2406146850586,27.09109019552533,2024,-0.4669356346130371
74.73436468505861,27.072289746897418,2024,-0.39737990498542786
74.75545843505861,27.072289746897418,2024,-0.43672600388526917
74.7765521850586,27.072289746897418,2024,-0.4430268406867981
74.79764593505861,27.072289746897418,2024,-0.6332917213439941
74.8187396850586,27.072289746897418,2024,-0.4468020498752594
74.83983343505861,27.072289746897418,2024,-0.49741530418395996
74.86092718505861,27.072289746897418,2024,-0.424622505903244
74.8820209350586,27.072289746897418,2024,-0.4807756245136261
74.90311468505861,27.072289746897418,2024,-0.448353111743927
74.9242084350586,27.072289746897418,2024,-0.4401850998401642
74.94530218505861,27.072289746897418,2024,-0.43480733036994934
74.96639593505861,27.072289746897418,2024,-0.6053047180175781
74.9874896850586,27.072289746897418,2024,-0.37641921639442444
75.00858343505861,27.072289746897418,2024,-0.4420636296272278
75.0296771850586,27.072289746897418,2024,-0.43274441361427307
75.05077093505861,27.072289746897418,2024,-0.4575998783111572
75.07186468505861,27.072289746897418,2024,-0.40221160650253296
75.0929584350586,27.072289746897418,2024,-0.4990672767162323
75.11405218505861,27.072289746897418,2024,-0.4319809079170227
75.1351459350586,27.072289746897418,2024,-0.3935103118419647
75.15623968505861,27.072289746897418,2024,-0.34859326481819153
75.17733343505861,27.072289746897418,2024,-0.4362820088863373
75.1984271850586,27.072289746897418,2024,-0.4086117744445801
75.21952093505861,27.072289746897418,2024,-0.45943644642829895
75.2406146850586,27.072289746897418,2024,-0.3740088641643524
74.73436468505861,27.053489298269508,2024,-0.5001406669616699
74.75545843505861,27.053489298269508,2024,-0.40011292695999146
74.7765521850586,27.053489298269508,2024,-0.4240926504135132
74.79764593505861,27.053489298269508,2024,-0.5308323502540588
74.8187396850586,27.053489298269508,2024,-0.43472740054130554
74.83983343505861,27.053489298269508,2024,-0.4139401316642761
74.86092718505861,27.053489298269508,2024,-0.47897064685821533
74.8820209350586,27.053489298269508,2024,-0.39984366297721863
74.90311468505861,27.053489298269508,2024,-0.37912794947624207
74.9242084350586,27.053489298269508,2024,-0.39614933729171753
74.94530218505861,27.053489298269508,2024,-0.41028887033462524
74.96639593505861,27.053489298269508,2024,-0.5563562512397766
74.9874896850586,27.053489298269508,2024,-0.4793325364589691
75.00858343505861,27.053489298269508,2024,-0.43932560086250305
75.0296771850586,27.053489298269508,2024,-0.43339741230010986
75.05077093505861,27.053489298269508,2024,-0.4027782678604126
75.07186468505861,27.053489298269508,2024,-0.38416582345962524
75.0929584350586,27.053489298269508,2024,-0.3799556493759155
75.11405218505861,27.053489298269508,2024,-0.3846330940723419
75.1351459350586,27.053489298269508,2024,-0.3953680992126465
75.15623968505861,27.053489298269508,2024,-0.4502262473106384
75.17733343505861,27.053489298269508,2024,-0.3701823353767395
75.1984271850586,27.053489298269508,2024,0.051170263439416885
75.21952093505861,27.053489298269508,2024,-0.3031141757965088
75.2406146850586,27.053489298269508,2024,-0.4183570444583893
74.73436468505861,27.034688849641597,2024,-0.17107242345809937
74.75545843505861,27.034688849641597,2024,-0.3603297173976898
74.7765521850586,27.034688849641597,2024,-0.4261791706085205
74.79764593505861,27.034688849641597,2024,-0.5285654664039612
74.8187396850586,27.034688849641597,2024,-0.43641430139541626
74.83983343505861,27.034688849641597,2024,-0.4518679678440094
74.86092718505861,27.034688849641597,2024,-0.6099533438682556
74.8820209350586,27.034688849641597,2024,-0.49330663681030273
74.90311468505861,27.034688849641597,2024,-0.40714967250823975
74.9242084350586,27.034688849641597,2024,-0.3043901324272156
74.94530218505861,27.034688849641597,2024,-0.32816043496131897
74.96639593505861,27.034688849641597,2024,-0.3776812255382538
74.9874896850586,27.034688849641597,2024,-0.3396857678890228
75.00858343505861,27.034688849641597,2024,-0.4451175928115845
75.0296771850586,27.034688849641597,2024,-0.4145168662071228
75.05077093505861,27.034688849641597,2024,-0.12775243818759918
75.07186468505861,27.034688849641597,2024,-0.3547879457473755
75.0929584350586,27.034688849641597,2024,-0.48286500573158264
75.11405218505861,27.034688849641597,2024,-0.35598012804985046
75.1351459350586,27.034688849641597,2024,-0.4192076623439789
75.15623968505861,27.034688849641597,2024,-0.45217058062553406
75.17733343505861,27.034688849641597,2024,-0.3545832335948944
75.1984271850586,27.034688849641597,2024,-0.3490733504295349
75.21952093505861,27.034688849641597,2024,-0.41636931896209717
75.2406146850586,27.034688849641597,2024,-0.4425086975097656
74.73436468505861,27.015888401013687,2024,-0.41180890798568726
74.75545843505861,27.015888401013687,2024,-0.5152679681777954
74.7765521850586,27.015888401013687,2024,-0.45361459255218506
74.79764593505861,27.015888401013687,2024,-0.3964329957962036
74.8187396850586,27.015888401013687,2024,-0.33297157287597656
74.83983343505861,27.015888401013687,2024,-0.6028282642364502
74.86092718505861,27.015888401013687,2024,-0.4965870976448059
74.8820209350586,27.015888401013687,2024,-0.47764110565185547
74.90311468505861,27.015888401013687,2024,-0.11418488621711731
74.9242084350586,27.015888401013687,2024,-0.35548141598701477
74.94530218505861,27.015888401013687,2024,-0.11688017100095749
74.96639593505861,27.015888401013687,2024,-0.16789324581623077
74.9874896850586,27.015888401013687,2024,-0.46172329783439636
75.00858343505861,27.015888401013687,2024,-0.4388938844203949
75.0296771850586,27.015888401013687,2024,-0.39456304907798767
75.05077093505861,27.015888401013687,2024,-0.0963529422879219
75.07186468505861,27.015888401013687,2024,-0.41321057081222534
75.0929584350586,27.015888401013687,2024,-0.41870543360710144
75.11405218505861,27.015888401013687,2024,-0.42396363615989685
75.1351459350586,27.015888401013687,2024,-0.3860420882701874
75.15623968505861,27.015888401013687,2024,-0.42199113965034485
75.17733343505861,27.015888401013687,2024,-0.39611944556236267
75.1984271850586,27.015888401013687,2024,-0.4157697558403015
75.21952093505861,27.015888401013687,2024,-0.4456597864627838
75.2406146850586,27.015888401013687,2024,-0.431323766708374
74.73436468505861,26.997087952385776,2024,-0.4822310507297516
74.75545843505861,26.997087952385776,2024,-0.400973916053772
74.7765521850586,26.997087952385776,2024,-0.47005921602249146
74.79764593505861,26.997087952385776,2024,-0.4376275837421417
74.8187396850586,26.997087952385776,2024,-0.4582427740097046
74.83983343505861,26.997087952385776,2024,-0.5587754845619202
74.86092718505861,26.997087952385776,2024,-0.4966067373752594
74.8820209350586,26.997087952385776,2024,-0.418037474155426
74.90311468505861,26.997087952385776,2024,-0.4450100362300873
74.9242084350586,26.997087952385776,2024,-0.06573052704334259
74.94530218505861,26.997087952385776,2024,0.5177804827690125
74.96639593505861,26.997087952385776,2024,0.5268351435661316
74.9874896850586,26.997087952385776,2024,0.496278315782547
75.00858343505861,26.997087952385776,2024,-0.2189204841852188
75.0296771850586,26.997087952385776,2024,-0.3362174332141876
75.05077093505861,26.997087952385776,2024,-0.5304029583930969
75.07186468505861,26.997087952385776,2024,-0.3826441466808319
75.0929584350586,26.997087952385776,2024,-0.3732248544692993
75.11405218505861,26.997087952385776,2024,-0.43733644485473633
75.1351459350586,26.997087952385776,2024,-0.47303110361099243
75.15623968505861,26.997087952385776,2024,-0.4341912269592285
75.17733343505861,26.997087952385776,2024,-0.3838267922401428
75.1984271850586,26.997087952385776,2024,-0.3726745545864105
75.21952093505861,26.997087952385776,2024,-0.4151914715766907
75.2406146850586,26.997087952385776,2024,-0.4233638346195221
74.73436468505861,26.978287503757866,2024,-0.46310049295425415
74.75545843505861,26.978287503757866,2024,-0.4575645625591278
74.7765521850586,26.978287503757866,2024,-0.48323726654052734
74.79764593505861,26.978287503757866,2024,-0.41898855566978455
74.8187396850586,26.978287503757866,2024,-0.4109259843826294
74.83983343505861,26.978287503757866,2024,-0.3376517593860626
74.86092718505861,26.978287503757866,2024,-0.5972527265548706
74.8820209350586,26.978287503757866,2024,-0.42977672815322876
74.90311468505861,26.978287503757866,2024,-0.4575500190258026
74.9242084350586,26.978287503757866,2024,-0.1925026923418045
74.94530218505861,26.978287503757866,2024,0.41307181119918823
74.96639593505861,26.978287503757866,2024,0.48291757702827454
74.9874896850586,26.978287503757866,2024,0.4050044119358063
75.00858343505861,26.978287503757866,2024,0.5180078744888306
75.0296771850586,26.978287503757866,2024,0.5351914167404175
75.05077093505861,26.978287503757866,2024,-0.34327542781829834
75.07186468505861,26.978287503757866,2024,-0.2737627327442169
75.0929584350586,26.978287503757866,2024,-0.2053699791431427
75.11405218505861,26.978287503757866,2024,-0.13741876184940338
75.1351459350586,26.978287503757866,2024,-0.47677913308143616
75.15623968505861,26.978287503757866,2024,-0.404786616563797
75.17733343505861,26.978287503757866,2024,-0.4123871326446533
75.1984271850586,26.978287503757866,2024,-0.3812602162361145
75.21952093505861,26.978287503757866,2024,-0.32409438490867615
75.2406146850586,26.978287503757866,2024,-0.349801242351532
74.73436468505861,26.959487055129955,2024,-0.593885064125061
74.75545843505861,26.959487055129955,2024,-0.4882201850414276
74.7765521850586,26.959487055129955,2024,-0.4210168123245239
74.79764593505861,26.959487055129955,2024,-0.4331069588661194
74.8187396850586,26.959487055129955,2024,-0.4097904562950134
74.83983343505861,26.959487055129955,2024,-0.5391431450843811
74.86092718505861,26.959487055129955,2024,-0.47125372290611267
74.8820209350586,26.959487055129955,2024,-0.39328858256340027
74.90311468505861,26.959487055129955,2024,-0.3961571455001831
74.9242084350586,26.959487055129955,2024,-0.1733727753162384
74.94530218505861,26.959487055129955,2024,-0.10167630761861801
74.96639593505861,26.959487055129955,2024,-0.5142655968666077
74.9874896850586,26.959487055129955,2024,-0.487561970949173
75.00858343505861,26.959487055129955,2024,-0.1941494643688202
75.0296771850586,26.959487055129955,2024,0.3418850302696228
75.05077093505861,26.959487055129955,2024,0.49643492698669434
75.07186468505861,26.959487055129955,2024,0.4524037837982178
75.0929584350586,26.959487055129955,2024,0.5223280787467957
75.11405218505861,26.959487055129955,2024,-0.2907606065273285
75.1351459350586,26.959487055129955,2024,-0.5024480223655701
75.15623968505861,26.959487055129955,2024,-0.41454875469207764
75.17733343505861,26.959487055129955,2024,-0.4550166428089142
75.1984271850586,26.959487055129955,2024,-0.41434818506240845
75.21952093505861,26.959487055129955,2024,-0.45492124557495117
75.2406146850586,26.959487055129955,2024,-0.41503703594207764
74.73436468505861,26.940686606502044,2024,-0.4223279356956482
74.75545843505861,26.940686606502044,2024,-0.4491427540779114
74.7765521850586,26.940686606502044,2024,-0.48539698123931885
74.79764593505861,26.940686606502044,2024,-0.5568907260894775
74.8187396850586,26.940686606502044,2024,-0.4132426381111145
74.83983343505861,26.940686606502044,2024,-0.6572682857513428
74.86092718505861,26.940686606502044,2024,-0.3935997486114502
74.8820209350586,26.940686606502044,2024,-0.4103459417819977
74.90311468505861,26.940686606502044,2024,-0.39844250679016113
74.9242084350586,26.940686606502044,2024,-0.38619163632392883
74.94530218505861,26.940686606502044,2024,0.027939099818468094
74.96639593505861,26.940686606502044,2024,-0.048226162791252136
74.9874896850586,26.940686606502044,2024,-0.4156184494495392
75.00858343505861,26.940686606502044,2024,-0.43087655305862427
75.0296771850586,26.940686606502044,2024,-0.2713397145271301
75.05077093505861,26.940686606502044,2024,-0.1288386881351471
75.07186468505861,26.940686606502044,2024,0.4349236488342285
75.0929584350586,26.940686606502044,2024,0.54666668176651
75.11405218505861,26.940686606502044,2024,0.5394063591957092
75.1351459350586,26.940686606502044,2024,0.054742999374866486
75.15623968505861,26.940686606502044,2024,-0.07463105767965317
75.17733343505861,26.940686606502044,2024,0.08966954052448273
75.1984271850586,26.940686606502044,2024,-0.14082854986190796
75.21952093505861,26.940686606502044,2024,-0.4199947118759155
75.2406146850586,26.940686606502044,2024,-0.2669883072376251
74.73436468505861,26.921886157874134,2024,-0.42962902784347534
74.75545843505861,26.921886157874134,2024,-0.3768548369407654
74.7765521850586,26.921886157874134,2024,-0.41541871428489685
74.79764593505861,26.921886157874134,2024,-0.4603331983089447
74.8187396850586,26.921886157874134,2024,-0.47438907623291016
74.83983343505861,26.921886157874134,2024,-0.40300941467285156
74.86092718505861,26.921886157874134,2024,-0.4997231066226959
74.8820209350586,26.921886157874134,2024,-0.4101235270500183
74.90311468505861,26.921886157874134,2024,-0.4625987708568573
74.9242084350586,26.921886157874134,2024,-0.43346095085144043
74.94530218505861,26.921886157874134,2024,-0.39163294434547424
74.96639593505861,26.921886157874134,2024,-0.14642585813999176
74.9874896850586,26.921886157874134,2024,-0.04136078804731369
75.00858343505861,26.921886157874134,2024,0.053672317415475845
75.0296771850586,26.921886157874134,2024,-0.3721258044242859
75.05077093505861,26.921886157874134,2024,-0.13700470328330994
75.07186468505861,26.921886157874134,2024,0.4322717487812042
75.0929584350586,26.921886157874134,2024,0.4676574766635895
75.11405218505861,26.921886157874134,2024,0.5149182081222534
75.1351459350586,26.921886157874134,2024,0.09344293922185898
75.15623968505861,26.921886157874134,2024,0.17683294415473938
75.17733343505861,26.921886157874134,2024,-0.21370390057563782
75.1984271850586,26.921886157874134,2024,-0.059856683015823364
75.21952093505861,26.921886157874134,2024,-0.32116883993148804
75.2406146850586,26.921886157874134,2024,-0.37142449617385864
74.73436468505861,26.903085709246223,2024,-0.47405806183815
74.75545843505861,26.903085709246223,2024,-0.29247477650642395
74.7765521850586,26.903085709246223,2024,-0.4040522277355194
74.79764593505861,26.903085709246223,2024,-0.43232959508895874
74.8187396850586,26.903085709246223,2024,-0.5632748007774353
74.83983343505861,26.903085709246223,2024,-0.4680815637111664
74.86092718505861,26.903085709246223,2024,-0.48998039960861206
74.8820209350586,26.903085709246223,2024,-0.5323565006256104
74.90311468505861,26.903085709246223,2024,-0.43349045515060425
74.9242084350586,26.903085709246223,2024,-0.3571222424507141
74.94530218505861,26.903085709246223,2024,-0.3714435398578644
74.96639593505861,26.903085709246223,2024,-0.325768381357193
74.9874896850586,26.903085709246223,2024,-0.4312089681625366
75.00858343505861,26.903085709246223,2024,-0.3769179582595825
75.0296771850586,26.903085709246223,2024,-0.44788119196891785
75.05077093505861,26.903085709246223,2024,-0.16213971376419067
75.07186468505861,26.903085709246223,2024,0.4398883581161499
75.0929584350586,26.903085709246223,2024,0.3835616409778595
75.11405218505861,26.903085709246223,2024,-0.6387239694595337
75.1351459350586,26.903085709246223,2024,-0.46498891711235046
75.15623968505861,26.903085709246223,2024,0.009983994998037815
75.17733343505861,26.903085709246223,2024,-0.2692442834377289
75.1984271850586,26.903085709246223,2024,-0.24718256294727325
75.21952093505861,26.903085709246223,2024,-0.3557717800140381
75.2406146850586,26.903085709246223,2024,-0.4186626374721527
74.73436468505861,26.884285260618313,2024,-0.46146759390830994
74.75545843505861,26.884285260618313,2024,0.10380999743938446
74.7765521850586,26.884285260618313,2024,-0.35243552923202515
74.79764593505861,26.884285260618313,2024,-0.3992670774459839
74.8187396850586,26.884285260618313,2024,-0.43255284428596497
74.83983343505861,26.884285260618313,2024,-0.4603393077850342
74.86092718505861,26.884285260618313,2024,-0.4142875373363495
74.8820209350586,26.884285260618313,2024,-0.4250049293041229
74.90311468505861,26.884285260618313,2024,-0.2879781424999237
74.9242084350586,26.884285260618313,2024,-0.34446656703948975
74.94530218505861,26.884285260618313,2024,-0.3216192424297333
74.96639593505861,26.884285260618313,2024,-0.464639276266098
74.9874896850586,26.884285260618313,2024,-0.32984670996665955
75.00858343505861,26.884285260618313,2024,-0.42512303590774536
75.0296771850586,26.884285260618313,2024,-0.4627128839492798
75.05077093505861,26.884285260618313,2024,-0.376417875289917
75.07186468505861,26.884285260618313,2024,-0.16710902750492096
75.0929584350586,26.884285260618313,2024,-0.29804927110671997
75.11405218505861,26.884285260618313,2024,-0.30731263756752014
75.1351459350586,26.884285260618313,2024,-0.30560046434402466
75.15623968505861,26.884285260618313,2024,-0.6100330948829651
75.17733343505861,26.884285260618313,2024,-0.3401475250720978
75.1984271850586,26.884285260618313,2024,-0.3344968259334564
75.21952093505861,26.884285260618313,2024,-0.34788331389427185
75.2406146850586,26.884285260618313,2024,-0.33973264694213867
74.73436468505861,27.09109019552533,2023,-0.3820137083530426
74.75545843505861,27.09109019552533,2023,-0.38530048727989197
74.7765521850586,27.09109019552533,2023,-0.36038267612457275
74.79764593505861,27.09109019552533,2023,-0.3619270324707031
74.8187396850586,27.09109019552533,2023,-0.3744392991065979
74.83983343505861,27.09109019552533,2023,-0.33395668864250183
74.86092718505861,27.09109019552533,2023,-0.40626204013824463
74.8820209350586,27.09109019552533,2023,-0.31915920972824097
74.90311468505861,27.09109019552533,2023,-0.32302162051200867
74.9242084350586,27.09109019552533,2023,-0.3167959749698639
74.94530218505861,27.09109019552533,2023,-0.3359871208667755
74.96639593505861,27.09109019552533,2023,-0.4028851389884949
74.9874896850586,27.09109019552533,2023,-0.444141685962677
75.00858343505861,27.09109019552533,2023,-0.3542681932449341
75.0296771850586,27.09109019552533,2023,-0.3519756495952606
75.05077093505861,27.09109019552533,2023,-0.4610714316368103
75.07186468505861,27.09109019552533,2023,-0.5969299674034119
75.0929584350586,27.09109019552533,2023,-0.24842077493667603
75.11405218505861,27.09109019552533,2023,-0.32682833075523376
75.1351459350586,27.09109019552533,2023,-0.5321557521820068
75.15623968505861,27.09109019552533,2023,-0.33168742060661316
75.17733343505861,27.09109019552533,2023,-0.39477911591529846
75.1984271850586,27.09109019552533,2023,-0.39489105343818665
75.21952093505861,27.09109019552533,2023,-0.5138142704963684
75.2406146850586,27.09109019552533,2023,-0.4127079248428345
74.73436468505861,27.072289746897418,2023,-0.3558301627635956
74.75545843505861,27.072289746897418,2023,-0.40627679228782654
74.7765521850586,27.072289746897418,2023,-0.44195467233657837
74.79764593505861,27.072289746897418,2023,-0.3585391342639923
74.8187396850586,27.072289746897418,2023,-0.41588646173477173
74.83983343505861,27.072289746897418,2023,-0.4101322591304779
74.86092718505861,27.072289746897418,2023,-0.40795978903770447
74.8820209350586,27.072289746897418,2023,-0.4133062958717346
74.90311468505861,27.072289746897418,2023,-0.3931427001953125
74.9242084350586,27.072289746897418,2023,-0.3930331766605377
74.94530218505861,27.072289746897418,2023,-0.34911036491394043
74.96639593505861,27.072289746897418,2023,-0.3899354338645935
74.9874896850586,27.072289746897418,2023,-0.3409053385257721
75.00858343505861,27.072289746897418,2023,-0.33845391869544983
75.0296771850586,27.072289746897418,2023,-0.4319278299808502
75.05077093505861,27.072289746897418,2023,-0.4401092231273651
75.07186468505861,27.072289746897418,2023,-0.3767324388027191
75.0929584350586,27.072289746897418,2023,-0.4142991006374359
75.11405218505861,27.072289746897418,2023,-0.5556598901748657
75.1351459350586,27.072289746897418,2023,-0.33183544874191284
75.15623968505861,27.072289746897418,2023,-0.3279297947883606
75.17733343505861,27.072289746897418,2023,-0.43974170088768005
75.1984271850586,27.072289746897418,2023,-0.3683699667453766
75.21952093505861,27.072289746897418,2023,-0.46703317761421204
75.2406146850586,27.072289746897418,2023,-0.34036555886268616
74.73436468505861,27.053489298269508,2023,-0.3962630331516266
74.75545843505861,27.053489298269508,2023,-0.37377673387527466
74.7765521850586,27.053489298269508,2023,-0.44007572531700134
74.79764593505861,27.053489298269508,2023,-0.5055638551712036
74.8187396850586,27.053489298269508,2023,-0.41744330525398254
74.83983343505861,27.053489298269508,2023,-0.3484552800655365
74.86092718505861,27.053489298269508,2023,-0.4237487316131592
74.8820209350586,27.053489298269508,2023,-0.3396959900856018
74.90311468505861,27.053489298269508,2023,-0.36110928654670715
74.9242084350586,27.053489298269508,2023,-0.38299205899238586
74.94530218505861,27.053489298269508,2023,-0.4144635498523712
74.96639593505861,27.053489298269508,2023,-0.49705642461776733
74.9874896850586,27.053489298269508,2023,-0.43607690930366516
75.00858343505861,27.053489298269508,2023,-0.3722556531429291
75.0296771850586,27.053489298269508,2023,-0.4032820165157318
75.05077093505861,27.053489298269508,2023,-0.3587709665298462
75.07186468505861,27.053489298269508,2023,-0.41637954115867615
75.0929584350586,27.053489298269508,2023,-0.3731168508529663
75.11405218505861,27.053489298269508,2023,-0.38422197103500366
75.1351459350586,27.053489298269508,2023,-0.3714810907840729
75.15623968505861,27.053489298269508,2023,-0.46347805857658386
75.17733343505861,27.053489298269508,2023,-0.3708786964416504
75.1984271850586,27.053489298269508,2023,-0.4593810737133026
75.21952093505861,27.053489298269508,2023,-0.3331507444381714
75.2406146850586,27.053489298269508,2023,-0.3970981538295746
74.73436468505861,27.034688849641597,2023,-0.1471264362335205
74.75545843505861,27.034688849641597,2023,-0.32159313559532166
74.7765521850586,27.034688849641597,2023,-0.3743652105331421
74.79764593505861,27.034688849641597,2023,-0.534466028213501
74.8187396850586,27.034688849641597,2023,-0.367632120847702
74.83983343505861,27.034688849641597,2023,-0.4475248456001282
74.86092718505861,27.034688849641597,2023,-0.5075103640556335
74.8820209350586,27.034688849641597,2023,-0.4456811249256134
74.90311468505861,27.034688849641597,2023,-0.3804861307144165
74.9242084350586,27.034688849641597,2023,-0.27446457743644714
74.94530218505861,27.034688849641597,2023,-0.3597448468208313
74.96639593505861,27.034688849641597,2023,-0.3474971354007721
74.9874896850586,27.034688849641597,2023,-0.2910793423652649
75.00858343505861,27.034688849641597,2023,-0.4127132296562195
75.0296771850586,27.034688849641597,2023,-0.4220300316810608
75.05077093505861,27.034688849641597,2023,-0.12933100759983063
75.07186468505861,27.034688849641597,2023,-0.3350927233695984
75.0929584350586,27.034688849641597,2023,-0.3650664985179901
75.11405218505861,27.034688849641597,2023,-0.3402922749519348
75.1351459350586,27.034688849641597,2023,-0.4121949374675751
75.15623968505861,27.034688849641597,2023,-0.3507116436958313
75.17733343505861,27.034688849641597,2023,-0.32172977924346924
75.1984271850586,27.034688849641597,2023,-0.3033243715763092
75.21952093505861,27.034688849641597,2023,-0.3199560344219208
75.2406146850586,27.034688849641597,2023,-0.4498429298400879
74.73436468505861,27.015888401013687,2023,-0.43558990955352783
74.75545843505861,27.015888401013687,2023,-0.46688756346702576
74.7765521850586,27.015888401013687,2023,-0.40192875266075134
74.79764593505861,27.015888401013687,2023,-0.37086930871009827
74.8187396850586,27.015888401013687,2023,-0.2874920964241028
74.83983343505861,27.015888401013687,2023,-0.34639790654182434
74.86092718505861,27.015888401013687,2023,-0.4635423421859741
74.8820209350586,27.015888401013687,2023,-0.3878898322582245
74.90311468505861,27.015888401013687,2023,-0.07883305102586746
74.9242084350586,27.015888401013687,2023,-0.322873055934906
74.94530218505861,27.015888401013687,2023,-0.15332645177841187
74.96639593505861,27.015888401013687,2023,-0.2191588282585144
74.9874896850586,27.015888401013687,2023,-0.41454365849494934
75.00858343505861,27.015888401013687,2023,-0.40751954913139343
75.0296771850586,27.015888401013687,2023,-0.436811238527298
75.05077093505861,27.015888401013687,2023,-0.06281459331512451
75.07186468505861,27.015888401013687,2023,-0.564803421497345
75.0929584350586,27.015888401013687,2023,-0.3356907069683075
75.11405218505861,27.015888401013687,2023,-0.39067280292510986
75.1351459350586,27.015888401013687,2023,-0.33135801553726196
75.15623968505861,27.015888401013687,2023,-0.37298479676246643
75.17733343505861,27.015888401013687,2023,-0.3760439157485962
75.1984271850586,27.015888401013687,2023,-0.40034738183021545
75.21952093505861,27.015888401013687,2023,-0.4301546514034271
75.2406146850586,27.015888401013687,2023,-0.3690427541732788
74.73436468505861,26.997087952385776,2023,-0.4101497232913971
74.75545843505861,26.997087952385776,2023,-0.38889721035957336
74.7765521850586,26.997087952385776,2023,-0.4136585295200348
74.79764593505861,26.997087952385776,2023,-0.400098592042923
74.8187396850586,26.997087952385776,2023,-0.4581153988838196
74.83983343505861,26.997087952385776,2023,-0.4594326913356781
74.86092718505861,26.997087952385776,2023,-0.4256761372089386
74.8820209350586,26.997087952385776,2023,-0.4135982096195221
74.90311468505861,26.997087952385776,2023,-0.3779965937137604
74.9242084350586,26.997087952385776,2023,-0.12955886125564575
74.94530218505861,26.997087952385776,2023,-0.07313365489244461
74.96639593505861,26.997087952385776,2023,0.014852124266326427
74.9874896850586,26.997087952385776,2023,0.05884423479437828
75.00858343505861,26.997087952385776,2023,-0.17048253118991852
75.0296771850586,26.997087952385776,2023,-0.23617981374263763
75.05077093505861,26.997087952385776,2023,-0.47735658288002014
75.07186468505861,26.997087952385776,2023,-0.39083006978034973
75.0929584350586,26.997087952385776,2023,-0.31185418367385864
75.11405218505861,26.997087952385776,2023,-0.41404297947883606
75.1351459350586,26.997087952385776,2023,-0.3140607178211212
75.15623968505861,26.997087952385776,2023,-0.3311484754085541
75.17733343505861,26.997087952385776,2023,-0.3277890086174011
75.1984271850586,26.997087952385776,2023,-0.3670448362827301
75.21952093505861,26.997087952385776,2023,-0.39889243245124817
75.2406146850586,26.997087952385776,2023,-0.3630872368812561
74.73436468505861,26.978287503757866,2023,-0.4022042155265808
74.75545843505861,26.978287503757866,2023,-0.48297324776649475
74.7765521850586,26.978287503757866,2023,-0.45782673358917236
74.79764593505861,26.978287503757866,2023,-0.3997039496898651
74.8187396850586,26.978287503757866,2023,-0.40953677892684937
74.83983343505861,26.978287503757866,2023,-0.3205318748950958
74.86092718505861,26.978287503757866,2023,-0.5101398825645447
74.8820209350586,26.978287503757866,2023,-0.3806525766849518
74.90311468505861,26.978287503757866,2023,-0.3496271073818207
74.9242084350586,26.978287503757866,2023,-0.1711808145046234
74.94530218505861,26.978287503757866,2023,-0.07211316376924515
74.96639593505861,26.978287503757866,2023,-0.08845994621515274
74.9874896850586,26.978287503757866,2023,-0.1515396237373352
75.00858343505861,26.978287503757866,2023,-0.15345320105552673
75.0296771850586,26.978287503757866,2023,-0.15036356449127197
75.05077093505861,26.978287503757866,2023,-0.26743000745773315
75.07186468505861,26.978287503757866,2023,-0.20951414108276367
75.0929584350586,26.978287503757866,2023,-0.17591336369514465
75.11405218505861,26.978287503757866,2023,-0.15279950201511383
75.1351459350586,26.978287503757866,2023,-0.43146947026252747
75.15623968505861,26.978287503757866,2023,-0.28732284903526306
75.17733343505861,26.978287503757866,2023,-0.3656282126903534
75.1984271850586,26.978287503757866,2023,-0.3473849296569824
75.21952093505861,26.978287503757866,2023,-0.3532334566116333
75.2406146850586,26.978287503757866,2023,-0.30744826793670654
74.73436468505861,26.959487055129955,2023,-0.5255826711654663
74.75545843505861,26.959487055129955,2023,-0.4029899835586548
74.7765521850586,26.959487055129955,2023,-0.3766537606716156
74.79764593505861,26.959487055129955,2023,-0.3946206569671631
74.8187396850586,26.959487055129955,2023,-0.39669421315193176
74.83983343505861,26.959487055129955,2023,-0.49910324811935425
74.86092718505861,26.959487055129955,2023,-0.37846577167510986
74.8820209350586,26.959487055129955,2023,-0.37156277894973755
74.90311468505861,26.959487055129955,2023,-0.4452303647994995
74.9242084350586,26.959487055129955,2023,-0.1621285080909729
74.94530218505861,26.959487055129955,2023,0.13921520113945007
74.96639593505861,26.959487055129955,2023,-0.3923744261264801
74.9874896850586,26.959487055129955,2023,-0.37042394280433655
75.00858343505861,26.959487055129955,2023,-0.13330857455730438
75.0296771850586,26.959487055129955,2023,-0.12717217206954956
75.05077093505861,26.959487055129955,2023,-0.12895748019218445
75.07186468505861,26.959487055129955,2023,0.017163725569844246
75.0929584350586,26.959487055129955,2023,0.0025403136387467384
75.11405218505861,26.959487055129955,2023,-0.22763971984386444
75.1351459350586,26.959487055129955,2023,-0.29112178087234497
75.15623968505861,26.959487055129955,2023,-0.34330782294273376
75.17733343505861,26.959487055129955,2023,-0.3855781853199005
75.1984271850586,26.959487055129955,2023,-0.4005195200443268
75.21952093505861,26.959487055129955,2023,-0.34668487310409546
75.2406146850586,26.959487055129955,2023,-0.43905380368232727
74.73436468505861,26.940686606502044,2023,-0.4170936942100525
74.75545843505861,26.940686606502044,2023,-0.467357337474823
74.7765521850586,26.940686606502044,2023,-0.4162538945674896
74.79764593505861,26.940686606502044,2023,-0.5215598940849304
74.8187396850586,26.940686606502044,2023,-0.4140544831752777
74.83983343505861,26.940686606502044,2023,-0.6057936549186707
74.86092718505861,26.940686606502044,2023,-0.36581850051879883
74.8820209350586,26.940686606502044,2023,-0.4521627426147461
74.90311468505861,26.940686606502044,2023,-0.38338908553123474
74.9242084350586,26.940686606502044,2023,-0.28926122188568115
74.94530218505861,26.940686606502044,2023,-0.12050813436508179
74.96639593505861,26.940686606502044,2023,-0.05751520395278931
74.9874896850586,26.940686606502044,2023,-0.3692459762096405
75.00858343505861,26.940686606502044,2023,-0.4458009898662567
75.0296771850586,26.940686606502044,2023,-0.23711460828781128
75.05077093505861,26.940686606502044,2023,-0.12846428155899048
75.07186468505861,26.940686606502044,2023,-0.11268945783376694
75.0929584350586,26.940686606502044,2023,0.06053384020924568
75.11405218505861,26.940686606502044,2023,-0.08874346315860748
75.1351459350586,26.940686606502044,2023,-0.07306332141160965
75.15623968505861,26.940686606502044,2023,-0.16495078802108765
75.17733343505861,26.940686606502044,2023,-0.06932505965232849
75.1984271850586,26.940686606502044,2023,-0.12393435090780258
75.21952093505861,26.940686606502044,2023,-0.3327353596687317
75.2406146850586,26.940686606502044,2023,-0.2618095576763153
74.73436468505861,26.921886157874134,2023,-0.4101473391056061
74.75545843505861,26.921886157874134,2023,-0.37561890482902527
74.7765521850586,26.921886157874134,2023,-0.4268481731414795
74.79764593505861,26.921886157874134,2023,-0.37997400760650635
74.8187396850586,26.921886157874134,2023,-0.4167236089706421
74.83983343505861,26.921886157874134,2023,-0.4084199368953705
74.86092718505861,26.921886157874134,2023,-0.4510646164417267
74.8820209350586,26.921886157874134,2023,-0.4218047559261322
74.90311468505861,26.921886157874134,2023,-0.5464639067649841
74.9242084350586,26.921886157874134,2023,-0.45100685954093933
74.94530218505861,26.921886157874134,2023,-0.37733787298202515
74.96639593505861,26.921886157874134,2023,-0.12050160765647888
74.9874896850586,26.921886157874134,2023,0.15443892776966095
75.00858343505861,26.921886157874134,2023,0.1884482204914093
75.0296771850586,26.921886157874134,2023,-0.33970916271209717
75.05077093505861,26.921886157874134,2023,-0.1493270844221115
75.07186468505861,26.921886157874134,2023,-0.10574771463871002
75.0929584350586,26.921886157874134,2023,0.08334485441446304
75.11405218505861,26.921886157874134,2023,-0.07878851145505905
75.1351459350586,26.921886157874134,2023,-0.0027513226959854364
75.15623968505861,26.921886157874134,2023,-0.1068246141076088
75.17733343505861,26.921886157874134,2023,-0.14140424132347107
75.1984271850586,26.921886157874134,2023,-0.01888381503522396
75.21952093505861,26.921886157874134,2023,-0.3126145005226135
75.2406146850586,26.921886157874134,2023,-0.36167266964912415
74.73436468505861,26.903085709246223,2023,-0.49079349637031555
74.75545843505861,26.903085709246223,2023,-0.2797110378742218
74.7765521850586,26.903085709246223,2023,-0.37371861934661865
74.79764593505861,26.903085709246223,2023,-0.42243263125419617
74.8187396850586,26.903085709246223,2023,-0.5398575067520142
74.83983343505861,26.903085709246223,2023,-0.47507479786872864
74.86092718505861,26.903085709246223,2023,-0.40503209829330444
74.8820209350586,26.903085709246223,2023,-0.5395641326904297
74.90311468505861,26.903085709246223,2023,-0.4426758587360382
74.9242084350586,26.903085709246223,2023,-0.3958275318145752
74.94530218505861,26.903085709246223,2023,-0.470801442861557
74.96639593505861,26.903085709246223,2023,-0.38744014501571655
74.9874896850586,26.903085709246223,2023,-0.44276314973831177
75.00858343505861,26.903085709246223,2023,-0.38896799087524414
75.0296771850586,26.903085709246223,2023,-0.45826852321624756
75.05077093505861,26.903085709246223,2023,-0.13108614087104797
75.07186468505861,26.903085709246223,2023,-0.10944021493196487
75.0929584350586,26.903085709246223,2023,-0.11067358404397964
75.11405218505861,26.903085709246223,2023,-0.29998892545700073
75.1351459350586,26.903085709246223,2023,-0.4615086019039154
75.15623968505861,26.903085709246223,2023,-0.06223038211464882
75.17733343505861,26.903085709246223,2023,-0.1814355105161667
75.1984271850586,26.903085709246223,2023,-0.24543321132659912
75.21952093505861,26.903085709246223,2023,-0.2876991927623749
75.2406146850586,26.903085709246223,2023,-0.5235910415649414
74.73436468505861,26.884285260618313,2023,-0.5058565139770508
74.75545843505861,26.884285260618313,2023,-0.5311251282691956
74.7765521850586,26.884285260618313,2023,-0.31482523679733276
74.79764593505861,26.884285260618313,2023,-0.35351285338401794
74.8187396850586,26.884285260618313,2023,-0.41632434725761414
74.83983343505861,26.884285260618313,2023,-0.4140012860298157
74.86092718505861,26.884285260618313,2023,-0.4331875443458557
74.8820209350586,26.884285260618313,2023,-0.410169780254364
74.90311468505861,26.884285260618313,2023,-0.28165948390960693
74.9242084350586,26.884285260618313,2023,-0.3459610939025879
74.94530218505861,26.884285260618313,2023,-0.3523935079574585
74.96639593505861,26.884285260618313,2023,-0.5918462872505188
74.9874896850586,26.884285260618313,2023,-0.5261408686637878
75.00858343505861,26.884285260618313,2023,-0.42750298976898193
75.0296771850586,26.884285260618313,2023,-0.438590407371521
75.05077093505861,26.884285260618313,2023,-0.3735857903957367
75.07186468505861,26.884285260618313,2023,-0.1379185914993286
75.0929584350586,26.884285260618313,2023,-0.36316344141960144
75.11405218505861,26.884285260618313,2023,-0.29160091280937195
75.1351459350586,26.884285260618313,2023,-0.29360103607177734
75.15623968505861,26.884285260618313,2023,-0.42632994055747986
75.17733343505861,26.884285260618313,2023,-0.302827924489975
75.1984271850586,26.884285260618313,2023,-0.2821245491504669
75.21952093505861,26.884285260618313,2023,-0.31068453192710876
75.2406146850586,26.884285260618313,2023,-0.3530772924423218
74.7226917114258,27.09567492109031,2022,-0.52937912940979
74.7437854614258,27.09567492109031,2022,-0.46498847007751465
74.7648792114258,27.09567492109031,2022,-0.40686875581741333
74.7859729614258,27.09567492109031,2022,-0.4900584816932678
74.80706671142579,27.09567492109031,2022,-0.5301643013954163
74.8281604614258,27.09567492109031,2022,-0.45013290643692017
74.8492542114258,27.09567492109031,2022,-0.4215054512023926
74.8703479614258,27.09567492109031,2022,-0.4496334195137024
74.8914417114258,27.09567492109031,2022,-0.5049747824668884
74.91253546142579,27.09567492109031,2022,-0.44339728355407715
74.9336292114258,27.09567492109031,2022,-0.3195204734802246
74.9547229614258,27.09567492109031,2022,-0.48487618565559387
74.9758167114258,27.09567492109031,2022,-0.3661053478717804
74.9969104614258,27.09567492109031,2022,-0.5831512212753296
75.01800421142579,27.09567492109031,2022,-0.4866364002227783
75.0390979614258,27.09567492109031,2022,-0.39557260274887085
75.0601917114258,27.09567492109031,2022,-0.40089258551597595
75.0812854614258,27.09567492109031,2022,-0.7133386731147766
75.1023792114258,27.09567492109031,2022,-0.5132781863212585
75.12347296142579,27.09567492109031,2022,-0.44503146409988403
75.1445667114258,27.09567492109031,2022,-0.46324554085731506
75.1656604614258,27.09567492109031,2022,-0.5277847051620483
75.1867542114258,27.09567492109031,2022,-0.5375095009803772
75.2078479614258,27.09567492109031,2022,-0.36248543858528137
75.22894171142579,27.09567492109031,2022,-0.5813856720924377
74.7226917114258,27.076875239130985,2022,-0.5421654582023621
74.7437854614258,27.076875239130985,2022,-0.3742891550064087
74.7648792114258,27.076875239130985,2022,-0.499739408493042
74.7859729614258,27.076875239130985,2022,-0.4799342155456543
74.80706671142579,27.076875239130985,2022,-0.6411693692207336
74.8281604614258,27.076875239130985,2022,-0.40841585397720337
74.8492542114258,27.076875239130985,2022,-0.6433820128440857
74.8703479614258,27.076875239130985,2022,-0.44882985949516296
74.8914417114258,27.076875239130985,2022,-0.5235740542411804
74.91253546142579,27.076875239130985,2022,-0.4800986051559448
74.9336292114258,27.076875239130985,2022,-0.7288298606872559
74.9547229614258,27.076875239130985,2022,-0.6988303065299988
74.9758167114258,27.076875239130985,2022,-0.5015465021133423
74.9969104614258,27.076875239130985,2022,-0.31701982021331787
75.01800421142579,27.076875239130985,2022,-0.5226633548736572
75.0390979614258,27.076875239130985,2022,-0.3151229918003082
75.0601917114258,27.076875239130985,2022,-0.34296807646751404
75.0812854614258,27.076875239130985,2022,-0.35864320397377014
75.1023792114258,27.076875239130985,2022,-0.4115115702152252
75.12347296142579,27.076875239130985,2022,-0.4806866943836212
75.1445667114258,27.076875239130985,2022,-0.47078484296798706
75.1656604614258,27.076875239130985,2022,-0.3608954846858978
75.1867542114258,27.076875239130985,2022,-0.39610716700553894
75.2078479614258,27.076875239130985,2022,-0.401242733001709
75.22894171142579,27.076875239130985,2022,-0.42186060547828674
74.7226917114258,27.058075557171655,2022,-0.1644158959388733
74.7437854614258,27.058075557171655,2022,-0.6005918383598328
74.7648792114258,27.058075557171655,2022,-0.5263136029243469
74.7859729614258,27.058075557171655,2022,-0.43341687321662903
74.80706671142579,27.058075557171655,2022,-0.5642672181129456
74.8281604614258,27.058075557171655,2022,-0.6255617141723633
74.8492542114258,27.058075557171655,2022,-0.471755713224411
74.8703479614258,27.058075557171655,2022,-0.5074475407600403
74.8914417114258,27.058075557171655,2022,-0.4257494807243347
74.91253546142579,27.058075557171655,2022,-0.7278857827186584
74.9336292114258,27.058075557171655,2022,-0.40693458914756775
74.9547229614258,27.058075557171655,2022,-0.493458092212677
74.9758167114258,27.058075557171655,2022,-0.6576645374298096
74.9969104614258,27.058075557171655,2022,-0.35937362909317017
75.01800421142579,27.058075557171655,2022,-0.43284860253334045
75.0390979614258,27.058075557171655,2022,-0.37306973338127136
75.0601917114258,27.058075557171655,2022,-0.4253653585910797
75.0812854614258,27.058075557171655,2022,-0.5531575679779053
75.1023792114258,27.058075557171655,2022,-0.3300429880619049
75.12347296142579,27.058075557171655,2022,-0.5763153433799744
75.1445667114258,27.058075557171655,2022,-0.3735092878341675
75.1656604614258,27.058075557171655,2022,-0.4422523081302643
75.1867542114258,27.058075557171655,2022,-0.39707279205322266
75.2078479614258,27.058075557171655,2022,-0.531097412109375
75.22894171142579,27.058075557171655,2022,-0.5246284604072571
74.7226917114258,27.03927587521233,2022,-0.13514487445354462
74.7437854614258,27.03927587521233,2022,-0.33096399903297424
74.7648792114258,27.03927587521233,2022,-0.5817180275917053
74.7859729614258,27.03927587521233,2022,-0.5495539903640747
74.80706671142579,27.03927587521233,2022,-0.5913146734237671
74.8281604614258,27.03927587521233,2022,-0.5624318718910217
74.8492542114258,27.03927587521233,2022,-0.5337627530097961
74.8703479614258,27.03927587521233,2022,-0.8007230758666992
74.8914417114258,27.03927587521233,2022,-0.6493716835975647
74.91253546142579,27.03927587521233,2022,-0.43548789620399475
74.9336292114258,27.03927587521233,2022,-0.6505029201507568
74.9547229614258,27.03927587521233,2022,-0.4435693323612213
74.9758167114258,27.03927587521233,2022,-0.5012472867965698
74.9969104614258,27.03927587521233,2022,-0.553411066532135
75.01800421142579,27.03927587521233,2022,-0.5329716801643372
75.0390979614258,27.03927587521233,2022,-0.42871806025505066
75.0601917114258,27.03927587521233,2022,-0.48878178000450134
75.0812854614258,27.03927587521233,2022,-0.26705750823020935
75.1023792114258,27.03927587521233,2022,-0.4319949746131897
75.12347296142579,27.03927587521233,2022,-0.7618746161460876
75.1445667114258,27.03927587521233,2022,-0.4266994297504425
75.1656604614258,27.03927587521233,2022,-0.6231017708778381
75.1867542114258,27.03927587521233,2022,-0.4572836458683014
75.2078479614258,27.03927587521233,2022,-0.329254686832428
75.22894171142579,27.03927587521233,2022,-0.4991721212863922
74.7226917114258,27.020476193253003,2022,-0.5188718438148499
74.7437854614258,27.020476193253003,2022,-0.48012635111808777
74.7648792114258,27.020476193253003,2022,-0.3950338661670685
74.7859729614258,27.020476193253003,2022,-0.5531403422355652
74.80706671142579,27.020476193253003,2022,-0.562760591506958
74.8281604614258,27.020476193253003,2022,-0.5345572829246521
74.8492542114258,27.020476193253003,2022,-0.413105845451355
74.8703479614258,27.020476193253003,2022,-0.3219253718852997
74.8914417114258,27.020476193253003,2022,-0.46791794896125793
74.91253546142579,27.020476193253003,2022,-0.20964595675468445
74.9336292114258,27.020476193253003,2022,-0.37151363492012024
74.9547229614258,27.020476193253003,2022,-0.5200059413909912
74.9758167114258,27.020476193253003,2022,-0.2376377433538437
74.9969104614258,27.020476193253003,2022,-0.7770094871520996
75.01800421142579,27.020476193253003,2022,-0.29570868611335754
75.0390979614258,27.020476193253003,2022,-0.5880362391471863
75.0601917114258,27.020476193253003,2022,-0.7085884213447571
75.0812854614258,27.020476193253003,2022,-0.664962649345398
75.1023792114258,27.020476193253003,2022,-0.4806671142578125
75.12347296142579,27.020476193253003,2022,-0.3849754333496094
75.1445667114258,27.020476193253003,2022,-0.4565339684486389
75.1656604614258,27.020476193253003,2022,-0.4512558877468109
75.1867542114258,27.020476193253003,2022,-0.523525595664978
75.2078479614258,27.020476193253003,2022,-0.4958914518356323
75.22894171142579,27.020476193253003,2022,-0.5131020545959473
74.7226917114258,27.001676511293674,2022,-0.5400726795196533
74.7437854614258,27.001676511293674,2022,-0.4121372699737549
74.7648792114258,27.001676511293674,2022,-0.45885804295539856
74.7859729614258,27.001676511293674,2022,-0.2919318377971649
74.80706671142579,27.001676511293674,2022,-0.5938016176223755
74.8281604614258,27.001676511293674,2022,-0.575924277305603
74.8492542114258,27.001676511293674,2022,-0.6832545399665833
74.8703479614258,27.001676511293674,2022,-0.7274948358535767
74.8914417114258,27.001676511293674,2022,-0.40781277418136597
74.91253546142579,27.001676511293674,2022,-0.24248509109020233
74.9336292114258,27.001676511293674,2022,-0.7361183166503906
74.9547229614258,27.001676511293674,2022,0.3400227129459381
74.9758167114258,27.001676511293674,2022,-0.43719902634620667
74.9969104614258,27.001676511293674,2022,-0.29828524589538574
75.01800421142579,27.001676511293674,2022,-0.2217887043952942
75.0390979614258,27.001676511293674,2022,-0.5830046534538269
75.0601917114258,27.001676511293674,2022,-0.5777074694633484
75.0812854614258,27.001676511293674,2022,-0.3986780345439911
75.1023792114258,27.001676511293674,2022,-0.41211047768592834
75.12347296142579,27.001676511293674,2022,-0.4641784727573395
75.1445667114258,27.001676511293674,2022,-0.4232083261013031
75.1656604614258,27.001676511293674,2022,-0.34706586599349976
75.1867542114258,27.001676511293674,2022,-0.45259660482406616
75.2078479614258,27.001676511293674,2022,-0.41251078248023987
75.22894171142579,27.001676511293674,2022,-0.5105754733085632
74.7226917114258,26.982876829334348,2022,-0.40197792649269104
74.7437854614258,26.982876829334348,2022,-0.5612276196479797
74.7648792114258,26.982876829334348,2022,-0.534083366394043
74.7859729614258,26.982876829334348,2022,-0.48947396874427795
74.80706671142579,26.982876829334348,2022,-0.6665953993797302
74.8281604614258,26.982876829334348,2022,-0.5252184271812439
74.8492542114258,26.982876829334348,2022,-0.4661770164966583
74.8703479614258,26.982876829334348,2022,-0.45043641328811646
74.8914417114258,26.982876829334348,2022,-0.41774308681488037
74.91253546142579,26.982876829334348,2022,-0.14420539140701294
74.9336292114258,26.982876829334348,2022,-0.19129112362861633
74.9547229614258,26.982876829334348,2022,0.28165027499198914
74.9758167114258,26.982876829334348,2022,0.28584885597229004
74.9969104614258,26.982876829334348,2022,0.20216549932956696
75.01800421142579,26.982876829334348,2022,0.2030545473098755
75.0390979614258,26.982876829334348,2022,-0.20479731261730194
75.0601917114258,26.982876829334348,2022,-0.10284233838319778
75.0812854614258,26.982876829334348,2022,-0.15582385659217834
75.1023792114258,26.982876829334348,2022,-0.44453364610671997
75.12347296142579,26.982876829334348,2022,-0.6309148073196411
75.1445667114258,26.982876829334348,2022,-0.6282113790512085
75.1656604614258,26.982876829334348,2022,-0.38604211807250977
75.1867542114258,26.982876829334348,2022,-0.48922306299209595
75.2078479614258,26.982876829334348,2022,-0.35287991166114807
75.22894171142579,26.982876829334348,2022,-0.4131762683391571
74.7226917114258,26.96407714737502,2022,-0.5497231483459473
74.7437854614258,26.96407714737502,2022,-0.6988722085952759
74.7648792114258,26.96407714737502,2022,-0.5282788872718811
74.7859729614258,26.96407714737502,2022,-0.40295735001564026
74.80706671142579,26.96407714737502,2022,-0.3416171073913574
74.8281604614258,26.96407714737502,2022,-0.66445392370224
74.8492542114258,26.96407714737502,2022,-0.4737207293510437
74.8703479614258,26.96407714737502,2022,-0.49844175577163696
74.8914417114258,26.96407714737502,2022,-0.4750361144542694
74.91253546142579,26.96407714737502,2022,-0.11618094891309738
74.9336292114258,26.96407714737502,2022,-0.35664117336273193
74.9547229614258,26.96407714737502,2022,0.055945999920368195
74.9758167114258,26.96407714737502,2022,-0.5290195345878601
74.9969104614258,26.96407714737502,2022,-0.13238658010959625
75.01800421142579,26.96407714737502,2022,-0.18119144439697266
75.0390979614258,26.96407714737502,2022,-0.2616279125213623
75.0601917114258,26.96407714737502,2022,0.28607141971588135
75.0812854614258,26.96407714737502,2022,-0.04961704835295677
75.1023792114258,26.96407714737502,2022,0.2323881834745407
75.12347296142579,26.96407714737502,2022,-0.2567090392112732
75.1445667114258,26.96407714737502,2022,-0.3833011984825134
75.1656604614258,26.96407714737502,2022,-0.4521819055080414
75.1867542114258,26.96407714737502,2022,-0.4935363531112671
75.2078479614258,26.96407714737502,2022,-0.5153030157089233
75.22894171142579,26.96407714737502,2022,-0.5756979584693909
74.7226917114258,26.945277465415693,2022,-0.4187709391117096
74.7437854614258,26.945277465415693,2022,-0.47376224398612976
74.7648792114258,26.945277465415693,2022,-0.47150933742523193
74.7859729614258,26.945277465415693,2022,-0.5522801876068115
74.80706671142579,26.945277465415693,2022,-0.5102734565734863
74.8281604614258,26.945277465415693,2022,-0.48146364092826843
74.8492542114258,26.945277465415693,2022,-0.48260828852653503
74.8703479614258,26.945277465415693,2022,-0.5574941039085388
74.8914417114258,26.945277465415693,2022,-0.538747251033783
74.91253546142579,26.945277465415693,2022,-0.5085055232048035
74.9336292114258,26.945277465415693,2022,-0.4277055263519287
74.9547229614258,26.945277465415693,2022,-0.1667119264602661
74.9758167114258,26.945277465415693,2022,-0.47999244928359985
74.9969104614258,26.945277465415693,2022,-0.31496477127075195
75.01800421142579,26.945277465415693,2022,-0.34072133898735046
75.0390979614258,26.945277465415693,2022,-0.11520936340093613
75.0601917114258,26.945277465415693,2022,-0.28748178482055664
75.0812854614258,26.945277465415693,2022,0.004473837558180094
75.1023792114258,26.945277465415693,2022,0.0592862069606781
75.12347296142579,26.945277465415693,2022,0.018516644835472107
75.1445667114258,26.945277465415693,2022,-0.07367219030857086
75.1656604614258,26.945277465415693,2022,-0.20297867059707642
75.1867542114258,26.945277465415693,2022,0.03215046972036362
75.2078479614258,26.945277465415693,2022,-0.1548994779586792
75.22894171142579,26.945277465415693,2022,-0.44789642095565796
74.7226917114258,26.926477783456363,2022,-0.421524316072464
74.7437854614258,26.926477783456363,2022,-0.5368275046348572
74.7648792114258,26.926477783456363,2022,-0.46114784479141235
74.7859729614258,26.926477783456363,2022,-0.6359073519706726
74.80706671142579,26.926477783456363,2022,-0.6425434947013855
74.8281604614258,26.926477783456363,2022,-0.612474799156189
74.8492542114258,26.926477783456363,2022,-0.5006941556930542
74.8703479614258,26.926477783456363,2022,-0.6669464111328125
74.8914417114258,26.926477783456363,2022,-0.3367210030555725
74.91253546142579,26.926477783456363,2022,-0.4518420398235321
74.9336292114258,26.926477783456363,2022,-0.3893376290798187
74.9547229614258,26.926477783456363,2022,-0.4920326769351959
74.9758167114258,26.926477783456363,2022,0.02121283859014511
74.9969104614258,26.926477783456363,2022,-0.18419316411018372
75.01800421142579,26.926477783456363,2022,-0.600127100944519
75.0390979614258,26.926477783456363,2022,-0.5322110652923584
75.0601917114258,26.926477783456363,2022,-0.1356283724308014
75.0812854614258,26.926477783456363,2022,0.2803877592086792
75.1023792114258,26.926477783456363,2022,0.24265632033348083
75.12347296142579,26.926477783456363,2022,0.27368971705436707
75.1445667114258,26.926477783456363,2022,0.2800605595111847
75.1656604614258,26.926477783456363,2022,-0.3977532684803009
75.1867542114258,26.926477783456363,2022,0.04673580452799797
75.2078479614258,26.926477783456363,2022,-0.13190414011478424
75.22894171142579,26.926477783456363,2022,-0.48339205980300903
74.7226917114258,26.907678101497037,2022,-0.48590540885925293
74.7437854614258,26.907678101497037,2022,-0.5697044134140015
74.7648792114258,26.907678101497037,2022,-0.48452407121658325
74.7859729614258,26.907678101497037,2022,-0.6713089346885681
74.80706671142579,26.907678101497037,2022,-0.5825989842414856
74.8281604614258,26.907678101497037,2022,-0.5224898457527161
74.8492542114258,26.907678101497037,2022,-0.495706170797348
74.8703479614258,26.907678101497037,2022,-0.6376164555549622
74.8914417114258,26.907678101497037,2022,-0.5483519434928894
74.91253546142579,26.907678101497037,2022,-0.5207226872444153
74.9336292114258,26.907678101497037,2022,-0.43205976486206055
74.9547229614258,26.907678101497037,2022,-0.3788370192050934
74.9758167114258,26.907678101497037,2022,-0.48621177673339844
74.9969104614258,26.907678101497037,2022,-0.3315504193305969
75.01800421142579,26.907678101497037,2022,-0.5446686148643494
75.0390979614258,26.907678101497037,2022,-0.48728033900260925
75.0601917114258,26.907678101497037,2022,-0.1450319141149521
75.0812854614258,26.907678101497037,2022,-0.14135703444480896
75.1023792114258,26.907678101497037,2022,-0.35662099719047546
75.12347296142579,26.907678101497037,2022,0.10540115088224411
75.1445667114258,26.907678101497037,2022,-0.15960374474525452
75.1656604614258,26.907678101497037,2022,-0.11678016185760498
75.1867542114258,26.907678101497037,2022,-0.5772477984428406
75.2078479614258,26.907678101497037,2022,-0.32160818576812744
75.22894171142579,26.907678101497037,2022,-0.4232628643512726
74.7226917114258,26.888878419537708,2022,-0.43949609994888306
74.7437854614258,26.888878419537708,2022,-0.4977458715438843
74.7648792114258,26.888878419537708,2022,-0.42308467626571655
74.7859729614258,26.888878419537708,2022,-0.5896274447441101
74.80706671142579,26.888878419537708,2022,-0.4944588840007782
74.8281604614258,26.888878419537708,2022,-0.482370525598526
74.8492542114258,26.888878419537708,2022,-0.6360813975334167
74.8703479614258,26.888878419537708,2022,-0.5311329364776611
74.8914417114258,26.888878419537708,2022,-0.3928163945674896
74.91253546142579,26.888878419537708,2022,-0.5056547522544861
74.9336292114258,26.888878419537708,2022,-0.721789538860321
74.9547229614258,26.888878419537708,2022,-0.3645980954170227
74.9758167114258,26.888878419537708,2022,-0.5821410417556763
74.9969104614258,26.888878419537708,2022,-0.4254218637943268
75.01800421142579,26.888878419537708,2022,-0.41076841950416565
75.0390979614258,26.888878419537708,2022,-0.44024109840393066
75.0601917114258,26.888878419537708,2022,-0.07319372892379761
75.0812854614258,26.888878419537708,2022,-0.5074334144592285
75.1023792114258,26.888878419537708,2022,-0.40220367908477783
75.12347296142579,26.888878419537708,2022,-0.2752256691455841
75.1445667114258,26.888878419537708,2022,-0.36681634187698364
75.1656604614258,26.888878419537708,2022,-0.323273628950119
75.1867542114258,26.888878419537708,2022,-0.19646765291690826
75.2078479614258,26.888878419537708,2022,-0.49673953652381897
75.22894171142579,26.888878419537708,2022,-0.6147657036781311
